{
  "config": {
    "step": {
      "user": {
        "title": "Connect to the MyQ Gateway",
        "data": {
          "username": "[%key:common::config_flow::data::username%]",
          "password": "[%key:common::config_flow::data::password%]"
        }
      },
      "reauth_confirm": {
        "description": "The password for {username} is no longer valid.",
        "title": "Reauthenticate your MyQ Account",
        "data": {
          "password": "[%key:common::config_flow::data::password%]"
        }
      }
    },
    "error": {
      "cannot_connect": "[%key:common::config_flow::error::cannot_connect%]",
      "invalid_auth": "[%key:common::config_flow::error::invalid_auth%]",
      "unknown": "[%key:common::config_flow::error::unknown%]"
    },
    "abort": {
      "reauth_successful": "[%key:common::config_flow::abort::reauth_successful%]",
      "already_configured": "[%key:common::config_flow::abort::already_configured_service%]"
    }
  }
}
